student_id,gender,age,major,grade,province,daily_study_hours,daily_entertainment_hours,daily_sleep_hours,daily_exercise_hours,weekly_reading_hours,internship,online_courses,part_time_job,social_frequency,monthly_expense,study_satisfaction,life_satisfaction,stress_level,health_score,weight_change,screen_time_hours
S0001,男,18,英语,研二,北京,3.1,2.2,10.2,2.0,13.4,是,否,是,频繁,1060,1,2,2,9,不变,4.6
S0002,女,24,英语,大一,浙江,7.7,1.7,8.0,0.8,3.2,是,否,是,频繁,1559,7,2,6,4,减少,6.3
S0003,男,22,通信工程,大三,四川,8.4,5.1,11.0,1.7,10.6,否,是,否,经常,3170,2,4,1,6,减少,12.4
S0004,男,23,化学,大三,湖北,7.2,5.6,5.5,1.9,8.0,是,否,是,偶尔,4586,7,5,4,5,不变,13.9
S0005,男,24,化学,大三,湖北,4.3,1.0,11.4,1.7,10.8,否,否,否,经常,4041,8,3,4,10,增加,5.2
S0006,男,19,通信工程,研一,湖北,5.2,6.2,11.0,0.5,2.4,是,是,否,经常,3952,7,10,7,4,不变,14.0
S0007,男,20,机械工程,大四,湖北,2.0,0.5,10.1,2.2,14.6,是,否,否,很少,3244,9,10,3,4,减少,4.4
S0008,男,20,英语,大三,河南,2.8,2.3,9.0,0.2,11.0,是,是,否,频繁,1851,8,9,2,5,不变,4.0
S0009,女,21,数学,研一,上海,4.8,2.4,5.4,0.1,8.3,是,否,否,偶尔,858,2,1,10,6,增加,4.7
S0010,男,23,法学,研一,安徽,6.0,2.3,8.3,1.2,1.4,是,是,否,经常,4269,7,8,7,8,增加,12.4
S0011,男,19,自动化,大二,广东,2.3,3.9,8.0,0.8,3.7,否,否,否,偶尔,1602,1,9,2,10,增加,12.0
S0012,女,18,英语,大二,福建,4.1,7.9,6.9,2.4,6.8,是,否,是,很少,2068,4,5,7,10,增加,4.6
S0013,女,22,英语,研一,上海,2.0,7.7,5.6,0.6,8.9,否,否,否,偶尔,1782,10,4,4,9,增加,8.9
S0014,女,19,管理学,大三,江苏,4.3,5.5,7.1,0.9,11.3,否,是,否,很少,4554,10,10,2,3,增加,14.0
S0015,男,20,化学,大三,湖北,2.0,6.8,9.9,1.8,14.8,是,否,否,偶尔,3252,2,3,9,3,增加,5.2
S0016,女,19,法学,研二,浙江,6.5,2.5,8.4,2.7,12.7,是,否,否,很少,3066,1,1,2,9,增加,6.0
S0017,男,18,法学,研二,江苏,9.1,4.6,10.8,1.7,2.2,是,否,否,偶尔,3325,6,1,3,3,增加,12.8
S0018,男,24,物理,大二,辽宁,9.8,6.6,11.2,0.1,11.0,是,否,是,偶尔,2832,5,3,6,9,增加,11.4
S0019,女,20,数学,大三,北京,8.3,7.0,6.6,2.0,6.0,是,否,是,经常,3086,6,9,5,4,不变,6.8
S0020,男,18,法学,研一,福建,4.6,6.0,7.2,1.8,7.7,是,否,否,很少,2886,1,7,7,6,不变,2.0
S0021,女,22,物理,大三,安徽,6.8,1.4,11.3,1.5,10.0,是,否,否,很少,3222,9,3,6,9,不变,4.3
S0022,女,20,英语,大二,山东,4.6,4.8,9.6,1.4,6.6,是,是,否,偶尔,2190,2,5,4,10,不变,8.2
S0023,男,19,化学,大一,北京,0.9,7.9,9.3,2.3,6.8,是,否,是,偶尔,3945,8,7,10,6,不变,4.9
S0024,女,18,经济学,研一,陕西,2.9,6.9,8.2,2.4,10.0,是,否,否,经常,4425,10,9,9,8,不变,7.1
S0025,男,24,机械工程,研二,广东,3.1,6.3,8.4,0.7,6.6,是,否,是,偶尔,3025,6,6,5,6,增加,12.7
S0026,男,21,物理,大四,辽宁,3.6,4.0,5.4,2.5,5.8,否,是,否,偶尔,3916,8,1,10,3,减少,13.3
S0027,女,21,电子信息,大四,安徽,0.8,3.0,9.8,1.2,2.5,否,是,否,偶尔,1020,7,10,8,5,增加,8.8
S0028,男,20,数学,大四,江苏,3.6,3.9,7.4,2.6,4.2,是,是,是,偶尔,1470,8,1,7,7,增加,11.0
S0029,男,24,化学,大一,上海,6.4,2.3,8.3,0.3,14.2,是,否,是,很少,3821,3,10,8,7,不变,9.3
S0030,女,22,计算机科学,研二,山东,9.1,3.3,11.6,0.6,8.9,否,否,是,经常,3270,10,2,4,4,不变,11.6
S0031,男,24,经济学,大四,四川,8.3,1.3,11.7,1.9,12.4,否,否,否,偶尔,2242,9,5,3,9,不变,9.4
S0032,男,20,通信工程,大四,陕西,2.8,4.0,9.3,1.1,0.4,否,是,是,很少,4794,4,6,6,5,减少,11.6
S0033,男,23,法学,大四,湖南,5.1,6.2,9.8,1.9,7.4,否,否,否,频繁,3210,4,7,1,4,减少,10.3
S0034,女,20,管理学,研二,湖南,4.8,2.8,6.6,2.2,4.7,否,是,是,经常,2369,4,8,9,5,不变,5.3
S0035,男,20,经济学,大二,四川,3.4,5.8,5.9,0.1,0.8,否,是,是,经常,4821,2,1,5,5,减少,8.9
S0036,女,18,英语,大一,湖南,4.3,1.1,9.4,0.2,2.2,是,否,否,频繁,1497,4,2,10,7,减少,8.7
S0037,女,24,电子信息,研一,广东,9.9,2.8,9.3,1.8,11.1,是,否,否,频繁,2967,2,3,4,6,不变,4.9
S0038,女,18,通信工程,大二,辽宁,3.2,2.6,11.0,0.2,3.5,是,是,是,偶尔,4282,2,9,5,6,增加,4.7
S0039,女,22,计算机科学,研二,陕西,8.3,7.4,8.1,1.4,4.6,否,否,否,很少,4899,9,8,7,7,不变,7.3
S0040,男,19,机械工程,研二,湖南,8.4,4.8,11.7,3.0,10.1,否,否,是,频繁,2235,8,9,5,3,减少,9.8
S0041,女,21,物理,大三,辽宁,3.6,1.3,6.1,1.2,7.4,是,否,否,很少,4525,2,6,7,3,增加,5.0
S0042,男,22,英语,大三,河北,6.4,4.2,8.1,0.2,4.0,是,是,否,很少,4389,8,2,3,7,不变,2.3
S0043,女,18,自动化,大二,四川,9.9,7.3,8.2,0.4,12.5,是,否,是,偶尔,4968,5,7,8,7,减少,12.0
S0044,男,20,管理学,大四,河北,3.7,6.4,6.9,0.0,10.9,否,否,否,偶尔,2017,8,9,10,10,减少,7.8
S0045,男,22,数学,大四,辽宁,2.7,6.3,5.3,2.2,10.6,是,否,是,频繁,2046,8,1,7,9,不变,3.5
S0046,男,23,法学,大二,福建,4.4,5.4,6.1,1.4,14.5,否,是,是,偶尔,1457,6,9,6,9,减少,6.6
S0047,女,19,数学,研二,山东,1.4,7.8,10.3,2.1,1.5,否,是,是,频繁,1037,1,6,3,7,减少,11.6
S0048,男,19,经济学,大二,陕西,1.3,7.0,9.3,0.7,13.7,否,是,是,频繁,4577,5,8,3,6,增加,5.1
S0049,女,22,通信工程,大三,福建,6.6,3.7,6.8,2.5,3.0,否,是,否,经常,1673,4,7,7,10,不变,8.9
S0050,男,22,化学,研二,河北,7.9,7.8,11.4,2.2,12.5,是,是,是,经常,3686,4,4,5,6,不变,9.5
S0051,女,18,通信工程,研一,陕西,4.0,1.5,11.4,1.0,6.2,否,否,否,很少,3797,9,9,4,5,增加,13.0
S0052,女,18,经济学,大二,山东,7.7,2.2,9.7,2.0,6.0,否,否,否,很少,1539,7,1,9,8,增加,5.2
S0053,男,21,通信工程,大一,四川,6.4,7.6,7.3,1.8,9.7,是,是,是,偶尔,4144,2,3,8,7,增加,2.5
S0054,女,21,计算机科学,大三,福建,6.9,6.1,11.6,1.3,11.1,否,是,否,频繁,1611,8,10,3,9,减少,6.9
S0055,男,24,法学,大三,安徽,1.4,5.6,8.8,2.9,5.4,是,是,否,偶尔,2354,2,8,7,7,增加,3.1
S0056,男,24,机械工程,研一,湖北,2.4,6.7,8.9,1.8,12.2,否,是,是,很少,2008,10,1,4,8,增加,5.3
S0057,男,18,英语,大三,上海,8.0,2.3,7.3,0.5,0.8,否,是,是,经常,1320,8,8,7,4,不变,11.3
S0058,女,23,通信工程,大一,湖南,1.1,4.1,7.8,2.1,7.4,否,否,否,频繁,1461,6,10,8,4,增加,3.8
S0059,女,18,物理,研二,福建,1.6,5.4,11.1,1.7,13.0,是,否,否,经常,2671,7,6,7,10,减少,11.9
S0060,女,20,电子信息,大二,河南,7.0,4.1,5.6,0.3,6.5,否,否,是,经常,1291,10,9,6,5,不变,8.7
S0061,女,20,管理学,大一,河北,6.0,2.1,9.6,0.7,1.6,是,否,是,偶尔,1741,5,10,9,8,减少,4.7
S0062,女,23,经济学,大三,山东,9.3,3.1,6.3,0.4,9.9,是,否,否,经常,1051,2,9,2,5,减少,4.6
S0063,男,18,数学,大二,河南,2.0,5.1,9.7,0.8,9.9,是,否,否,经常,4192,5,4,8,10,增加,11.1
S0064,男,19,机械工程,大四,广东,9.9,0.9,6.4,2.8,11.5,否,是,否,很少,3487,2,1,5,7,减少,8.0
S0065,女,24,机械工程,研二,河北,0.9,0.6,11.4,2.6,8.6,否,否,是,频繁,4221,5,2,10,9,减少,6.9
S0066,男,19,数学,大四,山东,6.1,4.4,7.8,0.9,5.1,是,是,是,偶尔,1425,9,2,6,5,增加,8.4
S0067,女,19,数学,大二,广东,6.2,6.2,9.6,0.5,11.6,否,是,否,频繁,4477,10,10,8,10,不变,5.9
S0068,女,24,经济学,大三,湖南,6.1,3.1,5.5,1.4,0.6,是,否,是,经常,1428,2,10,6,7,减少,9.1
S0069,女,22,管理学,大二,湖南,9.6,3.9,10.7,2.5,14.7,是,否,否,经常,1120,4,8,2,5,不变,13.9
S0070,女,21,电子信息,大三,湖南,6.9,0.9,9.4,1.0,4.9,是,否,否,频繁,3127,5,10,9,9,减少,12.5
S0071,男,22,机械工程,研二,江苏,9.4,2.8,7.6,2.4,12.2,否,否,是,偶尔,4268,9,6,9,4,减少,2.2
S0072,男,19,机械工程,大一,广东,3.3,6.4,8.6,1.6,11.1,是,否,是,频繁,3558,10,3,9,3,增加,9.2
S0073,女,23,经济学,研二,四川,2.8,3.8,7.0,2.2,6.7,否,否,否,偶尔,3335,8,4,9,6,不变,6.4
S0074,男,24,机械工程,研一,辽宁,1.8,2.4,9.5,2.6,8.3,否,是,是,频繁,3135,2,3,2,4,不变,5.3
S0075,女,18,经济学,大四,福建,1.0,4.3,6.7,3.0,5.6,是,否,否,很少,1611,6,3,1,8,减少,3.7
S0076,男,18,英语,大三,四川,2.5,1.6,11.6,1.8,6.3,是,是,否,很少,3267,2,1,5,6,不变,4.9
S0077,男,23,管理学,大二,北京,3.3,0.5,7.5,1.7,2.8,否,否,是,频繁,1354,9,9,2,8,不变,8.1
S0078,女,20,机械工程,研二,辽宁,0.7,6.4,7.4,2.2,9.4,否,否,是,偶尔,1892,1,6,10,8,不变,8.6
S0079,男,23,通信工程,大四,山东,0.9,2.0,10.5,2.7,4.7,是,否,否,很少,4678,5,1,5,9,增加,11.0
S0080,女,21,机械工程,大四,湖北,7.6,7.2,7.7,2.9,7.4,否,否,是,很少,2984,2,7,8,8,不变,2.9
S0081,女,23,物理,大三,山东,3.4,5.0,8.0,2.1,5.3,是,是,是,频繁,4363,5,1,1,8,不变,2.9
S0082,男,19,机械工程,大一,湖北,2.7,5.3,7.5,2.8,0.5,否,否,否,经常,3838,6,8,3,10,不变,11.2
S0083,男,18,自动化,大一,上海,7.5,4.2,7.7,1.7,3.9,是,是,否,偶尔,2557,10,5,5,10,减少,10.3
S0084,女,18,自动化,研二,河北,9.7,7.9,9.7,2.1,8.2,是,是,否,很少,2090,3,6,5,7,增加,8.1
S0085,女,22,电子信息,研一,广东,4.0,6.5,8.9,1.8,1.3,否,是,否,频繁,4721,9,7,5,9,不变,11.2
S0086,女,19,自动化,研一,山东,6.6,1.9,11.8,1.3,13.7,否,是,否,偶尔,2053,5,3,1,4,不变,3.9
S0087,女,19,电子信息,研二,北京,3.4,4.5,8.5,0.5,14.1,否,是,否,很少,3565,10,1,3,5,增加,11.9
S0088,女,23,经济学,研一,江苏,3.3,7.7,8.4,2.4,10.3,否,是,否,经常,1397,1,3,5,10,减少,7.3
S0089,女,21,英语,大二,河南,7.7,4.4,5.7,0.7,1.8,是,是,否,经常,1954,2,1,8,6,减少,5.5
S0090,男,24,通信工程,大二,四川,5.2,4.4,8.5,0.9,0.3,否,否,是,很少,2772,4,10,7,10,增加,6.2
S0091,女,19,通信工程,大三,辽宁,7.4,6.2,7.6,1.2,8.6,是,是,是,频繁,3164,2,7,4,8,不变,8.1
S0092,女,24,经济学,大三,广东,5.8,3.2,6.0,1.8,6.0,是,否,否,偶尔,1118,3,6,1,3,不变,11.6
S0093,女,22,物理,研二,湖南,8.5,5.0,8.6,1.5,7.3,否,是,否,经常,4690,1,6,10,7,增加,6.0
S0094,男,23,数学,大一,河南,6.0,1.8,9.4,1.9,12.6,是,否,是,频繁,1058,10,2,3,6,减少,4.3
S0095,女,24,管理学,研二,山东,7.4,5.8,8.6,1.7,15.0,否,否,是,偶尔,3370,3,8,8,9,减少,12.9
S0096,女,22,通信工程,大三,浙江,2.6,7.8,7.1,0.9,3.1,是,否,否,经常,4730,6,9,8,8,不变,13.2
S0097,男,20,通信工程,大一,广东,3.2,5.9,7.4,1.3,3.8,是,是,是,很少,2455,9,5,8,6,不变,13.2
S0098,男,23,数学,大二,浙江,1.0,3.6,10.0,0.3,11.6,是,是,是,很少,4133,8,8,1,5,减少,9.8
S0099,男,21,通信工程,大二,四川,9.4,0.8,10.9,2.4,2.8,否,是,否,经常,875,5,10,5,3,减少,9.2
S0100,男,24,物理,大一,湖北,3.6,6.0,9.5,2.2,0.2,否,是,否,很少,2382,3,10,6,7,减少,12.3
S0101,男,19,法学,大四,上海,3.6,2.4,6.8,0.7,11.3,否,否,是,频繁,893,5,6,6,7,增加,10.3
S0102,女,23,经济学,大一,河北,6.6,7.6,7.6,0.7,14.4,是,是,是,频繁,4527,10,6,8,5,不变,7.0
S0103,女,18,电子信息,研一,陕西,1.6,6.7,11.3,0.6,8.0,否,是,否,偶尔,4419,2,4,3,8,减少,10.6
S0104,女,21,管理学,研一,北京,1.0,4.0,10.6,2.2,5.9,是,否,是,经常,1398,1,7,1,6,增加,6.1
S0105,女,19,管理学,大二,广东,7.8,7.8,9.5,1.3,14.9,否,是,是,频繁,3892,7,2,7,10,不变,10.2
S0106,男,23,自动化,大二,陕西,8.4,6.2,11.8,1.4,10.8,是,是,否,很少,2681,4,8,7,9,减少,6.2
S0107,男,19,机械工程,大一,湖北,1.5,0.8,9.2,2.1,0.7,否,是,否,经常,4395,4,9,1,9,增加,4.6
S0108,男,20,法学,大二,安徽,9.9,4.4,7.9,0.8,8.4,否,否,否,频繁,4299,9,8,10,5,减少,2.6
S0109,男,20,管理学,大四,广东,2.2,4.5,6.7,0.7,12.9,否,是,否,偶尔,1272,9,7,3,10,不变,13.6
S0110,女,23,化学,大一,安徽,9.3,6.9,5.6,2.2,2.9,是,否,是,经常,1123,2,4,5,9,不变,11.7
S0111,女,18,物理,大二,四川,9.4,7.7,5.8,3.0,7.2,否,否,否,经常,4049,4,9,4,6,减少,5.9
S0112,女,21,通信工程,大一,湖北,8.1,5.9,10.3,1.0,3.0,否,否,是,偶尔,1174,10,4,6,9,增加,10.9
S0113,女,19,管理学,大四,四川,5.9,2.3,8.9,2.8,5.1,是,是,是,很少,4575,3,6,8,10,不变,4.0
S0114,男,24,经济学,大一,安徽,4.4,6.8,6.6,2.1,0.1,否,是,是,频繁,3857,1,10,9,10,不变,9.7
S0115,男,18,英语,研一,湖北,7.4,4.5,7.0,1.5,10.5,否,否,否,频繁,1676,2,9,7,5,增加,3.8
S0116,男,20,计算机科学,大四,安徽,4.9,2.3,9.9,0.9,12.4,是,是,是,频繁,1565,7,7,2,3,减少,6.5
S0117,女,23,管理学,大三,湖南,5.9,6.9,5.7,1.6,0.6,是,是,否,很少,3020,1,2,4,10,减少,10.2
S0118,男,22,化学,大二,上海,7.6,5.8,7.8,0.2,2.4,否,是,是,频繁,3517,7,3,4,9,不变,11.5
S0119,男,24,物理,大一,广东,3.7,6.3,11.7,1.2,11.6,否,是,否,偶尔,4490,8,4,1,7,减少,6.3
S0120,男,18,电子信息,大三,广东,2.0,5.8,9.4,2.2,4.8,是,是,否,频繁,842,5,8,2,4,减少,6.3
S0121,女,18,自动化,大一,湖南,1.4,4.7,9.2,2.4,13.0,是,否,是,偶尔,4189,7,2,1,7,不变,10.7
S0122,女,20,经济学,大三,上海,5.2,1.0,8.0,1.3,7.3,是,否,是,频繁,2861,4,8,2,8,增加,9.1
S0123,女,24,经济学,研一,山东,4.1,7.0,8.1,1.3,12.4,是,否,否,经常,3261,6,10,10,5,增加,13.4
S0124,女,22,化学,大二,上海,3.6,2.6,10.5,1.1,14.0,否,否,是,经常,1020,8,4,4,5,减少,7.3
S0125,男,20,化学,研二,陕西,2.0,3.7,7.6,1.3,9.0,是,是,是,经常,4950,7,9,10,9,减少,2.4
S0126,男,23,管理学,研一,湖北,0.9,7.9,9.7,1.2,11.3,是,否,否,频繁,886,2,5,7,4,不变,4.7
S0127,女,24,自动化,研二,湖北,6.1,4.3,7.4,0.1,1.6,否,否,否,很少,1750,3,6,7,4,减少,5.7
S0128,女,23,数学,研二,湖北,4.8,1.0,5.3,2.1,0.3,否,否,是,频繁,2146,4,9,6,4,增加,4.1
S0129,男,19,电子信息,研二,湖南,6.7,3.5,10.2,2.6,6.7,是,是,否,经常,836,4,4,7,9,不变,5.3
S0130,男,21,机械工程,大一,辽宁,3.0,7.0,8.7,1.9,9.0,否,是,是,经常,1735,6,6,10,9,不变,12.1
S0131,男,19,法学,大三,陕西,1.6,3.3,6.0,1.2,8.9,是,是,否,经常,4265,3,8,10,9,不变,9.6
S0132,男,19,化学,大三,辽宁,8.5,5.1,11.1,2.9,7.3,否,否,是,很少,4940,8,7,4,9,减少,10.2
S0133,男,24,管理学,大二,辽宁,3.3,2.6,8.8,0.5,6.9,是,否,是,频繁,1735,5,9,8,4,减少,11.9
S0134,男,23,化学,研二,山东,7.6,2.7,12.0,1.3,5.2,否,是,是,偶尔,1761,4,4,2,10,不变,11.7
S0135,男,24,计算机科学,大一,浙江,5.9,4.5,9.2,0.5,14.7,是,是,是,偶尔,2990,9,2,5,7,减少,3.6
S0136,女,24,通信工程,大二,福建,7.7,5.6,8.4,1.7,4.0,否,否,否,经常,4502,2,2,7,9,不变,6.8
S0137,男,24,通信工程,研二,山东,1.4,7.8,9.4,2.1,12.8,是,否,否,很少,2584,7,4,9,9,减少,7.9
S0138,男,18,电子信息,研二,安徽,7.9,3.9,5.9,2.6,6.6,否,否,是,经常,2457,3,5,1,9,减少,3.9
S0139,男,18,管理学,大四,安徽,6.4,5.9,10.3,1.3,1.4,否,是,是,经常,2548,8,2,2,3,增加,3.6
S0140,男,24,法学,大四,安徽,7.1,4.1,6.6,0.3,12.1,是,是,是,偶尔,3811,5,3,2,8,增加,6.6
S0141,女,20,数学,研二,河南,2.5,6.1,11.4,1.8,6.6,否,是,是,经常,1623,3,2,4,4,减少,9.1
S0142,男,19,自动化,研一,四川,6.2,5.9,7.0,2.8,0.4,否,是,是,频繁,4974,4,7,5,6,增加,5.5
S0143,男,22,通信工程,大一,江苏,9.9,7.5,5.9,2.6,8.5,是,是,否,经常,4658,2,1,6,5,增加,9.0
S0144,女,21,法学,研二,安徽,4.3,5.3,8.8,0.5,1.3,是,否,否,偶尔,2072,9,6,2,6,不变,6.7
S0145,男,19,管理学,大一,湖北,9.3,1.4,9.3,0.2,10.0,否,是,否,偶尔,903,3,1,3,4,减少,4.0
S0146,女,23,英语,大一,广东,7.8,0.7,10.6,0.8,1.0,否,是,否,很少,4864,8,9,10,4,减少,6.3
S0147,男,19,化学,研二,安徽,5.3,0.8,11.0,0.7,7.1,否,是,否,偶尔,2266,1,9,7,5,不变,11.6
S0148,女,23,通信工程,大三,山东,3.1,1.1,7.6,1.5,13.5,是,否,是,经常,1176,7,2,3,6,减少,12.5
S0149,男,20,数学,研一,安徽,8.0,6.0,6.7,1.1,14.6,是,否,是,频繁,2033,1,7,4,6,不变,2.3
S0150,女,18,经济学,大二,福建,5.5,2.3,8.4,0.2,15.0,是,是,是,频繁,1159,4,9,5,4,减少,7.0
S0151,男,22,机械工程,研一,河北,1.1,5.5,5.9,0.9,12.8,是,是,是,偶尔,3405,8,5,7,8,增加,4.8
S0152,女,21,英语,大三,北京,4.4,4.5,11.8,0.6,4.6,是,否,是,很少,1540,3,5,5,4,不变,11.9
S0153,男,20,电子信息,大四,北京,5.4,5.6,6.8,3.0,0.5,是,是,是,偶尔,2846,2,8,7,10,增加,3.2
S0154,女,20,电子信息,研二,北京,6.5,5.3,9.1,0.8,12.2,否,是,是,频繁,2419,8,3,1,4,减少,3.1
S0155,女,21,通信工程,大一,四川,4.1,3.7,7.5,2.7,4.1,否,否,是,很少,1083,10,10,8,5,不变,9.4
S0156,女,21,数学,大二,陕西,4.5,5.3,10.6,0.7,14.9,否,否,否,偶尔,3933,6,8,9,3,减少,8.5
S0157,男,20,通信工程,研一,湖北,2.6,7.2,10.4,0.2,14.9,是,是,否,经常,2706,3,2,9,8,增加,5.0
S0158,男,19,计算机科学,大二,上海,6.1,6.5,9.9,2.7,0.4,是,是,是,很少,2342,8,9,6,5,减少,5.7
S0159,女,18,电子信息,大三,辽宁,9.2,2.0,5.9,2.2,13.8,否,是,否,频繁,979,3,10,6,3,增加,10.5
S0160,男,20,法学,大三,湖南,3.6,7.8,10.1,1.3,9.6,是,否,否,经常,2227,9,10,8,8,增加,11.4
S0161,男,19,自动化,研二,安徽,0.5,5.8,9.0,2.6,11.6,是,否,是,经常,2291,10,6,10,3,不变,13.1
S0162,男,19,数学,大三,浙江,9.8,1.8,11.2,0.3,10.6,是,是,是,频繁,893,5,4,6,10,增加,5.0
S0163,女,23,通信工程,大四,北京,9.7,7.1,8.5,1.1,8.2,否,否,是,很少,2647,3,8,2,10,增加,2.9
S0164,女,19,机械工程,大四,北京,2.0,1.1,11.6,2.9,5.1,是,否,是,偶尔,1053,7,3,10,10,减少,9.3
S0165,女,23,电子信息,研一,浙江,7.4,6.0,6.9,0.8,3.6,否,是,是,很少,4821,3,1,1,9,减少,6.3
S0166,男,19,数学,研二,广东,3.3,1.1,10.9,0.9,6.0,否,是,否,频繁,1546,9,7,8,7,减少,4.2
S0167,女,20,物理,大二,湖北,8.5,4.7,6.1,2.1,1.5,否,是,否,经常,2663,9,1,6,9,不变,12.1
S0168,男,21,机械工程,研二,北京,0.8,4.8,8.6,1.7,14.7,否,是,否,偶尔,4478,3,3,3,4,增加,13.7
S0169,男,24,化学,研一,湖南,2.9,7.3,11.4,0.2,5.8,否,是,否,偶尔,3062,9,8,7,8,增加,13.0
S0170,男,22,英语,研一,四川,6.0,7.7,5.7,0.3,11.7,是,是,否,频繁,4166,5,7,5,8,不变,9.9
S0171,男,22,通信工程,研一,浙江,7.0,3.5,7.8,2.6,10.4,否,是,是,偶尔,3000,6,1,1,10,减少,6.1
S0172,女,23,管理学,大四,河北,7.9,2.9,10.1,1.8,1.3,是,是,否,频繁,4135,8,9,8,6,增加,12.4
S0173,男,24,数学,研一,辽宁,8.9,0.7,6.3,2.5,12.6,否,否,是,很少,4539,1,6,4,3,减少,10.5
S0174,男,20,英语,大四,河北,6.1,1.8,11.1,1.8,5.2,是,是,是,偶尔,1540,5,1,3,7,增加,6.6
S0175,女,23,化学,大四,福建,5.4,7.0,11.8,2.0,7.1,否,否,否,经常,869,4,5,3,5,减少,9.3
S0176,女,20,通信工程,大二,安徽,4.9,5.6,10.8,1.2,1.5,否,否,否,经常,3115,5,2,9,8,减少,7.8
S0177,男,19,物理,研一,河南,7.8,7.2,10.6,2.4,9.0,是,是,否,偶尔,1008,8,5,6,5,减少,5.1
S0178,女,23,法学,大三,陕西,5.3,6.8,10.9,2.6,2.7,否,是,是,经常,1848,5,9,2,10,增加,11.2
S0179,男,23,经济学,大三,陕西,4.5,7.2,7.6,1.8,7.0,是,是,否,经常,1239,10,10,2,10,增加,13.3
S0180,女,18,机械工程,大二,山东,1.8,2.0,7.9,1.7,13.6,是,是,否,经常,3391,3,2,8,5,不变,7.9
S0181,男,24,管理学,大二,江苏,6.0,1.7,10.5,2.3,1.9,否,是,否,偶尔,4104,7,8,7,9,增加,6.6
S0182,男,23,经济学,大一,福建,6.5,2.4,9.9,1.0,1.9,否,否,是,经常,2168,2,1,7,7,减少,5.6
S0183,女,20,化学,大二,安徽,2.1,7.3,10.7,0.1,3.4,是,否,否,很少,979,10,9,3,6,减少,4.0
S0184,男,23,计算机科学,大一,浙江,6.7,0.6,9.8,1.3,5.7,否,是,否,偶尔,4686,3,4,9,7,不变,10.3
S0185,女,24,通信工程,大一,广东,5.4,5.1,7.0,2.4,7.5,是,否,是,频繁,2954,9,4,10,6,减少,6.3
S0186,女,19,通信工程,大一,四川,0.6,1.2,5.8,1.7,7.4,是,是,是,很少,1629,5,4,2,4,减少,7.5
S0187,女,20,化学,研二,上海,3.5,6.0,5.7,2.3,0.7,否,否,是,很少,3492,6,8,3,5,减少,13.5
S0188,女,21,经济学,大四,河北,3.1,3.4,11.0,2.4,9.7,否,是,否,经常,1885,1,3,3,4,不变,3.2
S0189,男,24,化学,研二,辽宁,8.9,6.0,11.2,1.4,7.3,是,否,是,频繁,1176,2,5,7,10,增加,9.9
S0190,男,21,机械工程,大三,上海,6.8,5.3,6.0,2.5,13.4,否,否,是,经常,895,3,9,10,3,减少,12.2
S0191,女,18,化学,研一,安徽,2.6,5.3,7.8,0.7,6.9,是,是,否,频繁,1521,8,8,10,10,减少,5.8
S0192,男,22,经济学,研一,山东,0.5,1.2,9.2,1.9,4.6,否,否,否,很少,4537,6,6,9,6,增加,11.9
S0193,男,24,化学,研二,福建,2.6,3.1,10.8,2.9,4.4,否,是,否,偶尔,1670,1,3,9,8,不变,7.9
S0194,男,18,经济学,大四,北京,2.5,6.7,6.3,1.0,11.4,是,否,否,偶尔,4490,8,10,1,4,增加,13.5
S0195,男,23,机械工程,大二,广东,1.5,5.4,9.2,1.0,13.2,否,否,否,偶尔,3041,7,6,7,6,减少,13.6
S0196,男,19,法学,研一,福建,7.3,5.6,11.4,0.4,10.7,否,否,否,很少,1745,6,9,3,8,不变,7.8
S0197,男,18,计算机科学,大四,山东,1.9,5.5,6.4,2.3,2.4,否,是,是,频繁,1999,1,5,5,7,不变,4.4
S0198,男,22,自动化,研二,陕西,3.2,5.5,11.5,1.2,14.4,否,是,是,经常,906,5,4,6,3,减少,9.4
S0199,女,19,数学,研二,四川,1.2,7.7,10.1,0.4,0.6,是,是,是,经常,1865,3,10,5,7,增加,12.2
S0200,男,24,物理,研二,湖北,6.3,5.5,8.4,1.7,5.4,否,是,否,偶尔,2306,9,2,6,6,增加,11.4
S0201,男,23,英语,大三,陕西,3.6,2.7,11.7,1.9,7.1,是,是,否,频繁,1739,6,8,9,3,不变,4.9
S0202,男,21,数学,大三,湖北,5.6,2.6,11.4,2.5,5.6,是,是,是,很少,4787,1,5,9,10,增加,12.8
S0203,男,19,电子信息,研二,上海,6.5,2.1,9.8,2.5,3.1,是,是,否,很少,2059,1,8,7,4,增加,10.6
S0204,男,20,数学,大四,陕西,4.2,5.2,8.0,0.1,10.1,是,否,否,很少,1318,10,1,9,3,增加,10.4
S0205,女,24,管理学,大四,辽宁,4.1,6.7,5.2,0.5,3.3,是,是,是,很少,1980,5,6,7,7,增加,13.5
S0206,女,22,自动化,研一,上海,9.5,2.8,10.2,2.7,5.2,是,是,否,很少,2118,3,4,7,5,减少,9.4
S0207,女,23,经济学,大一,四川,2.9,2.0,9.1,2.9,5.4,否,否,是,经常,3135,10,2,4,4,减少,12.8
S0208,女,21,经济学,大二,湖北,0.5,2.3,6.6,2.2,6.5,是,是,是,经常,3516,8,8,6,5,减少,7.3
S0209,男,22,通信工程,大二,湖北,3.0,7.1,5.5,0.2,0.3,否,是,否,频繁,4118,10,4,9,3,不变,12.9
S0210,男,24,经济学,研一,广东,7.5,2.7,8.3,1.5,6.0,是,是,否,经常,2756,10,3,9,3,增加,11.1
S0211,男,19,数学,大四,上海,2.7,2.5,6.6,2.0,7.8,否,否,是,频繁,4647,8,1,6,9,不变,2.5
S0212,女,20,计算机科学,研一,湖北,6.7,6.8,8.6,1.1,13.6,是,否,是,偶尔,3690,6,8,9,9,不变,11.5
S0213,男,22,自动化,研二,湖南,3.2,1.6,6.1,1.8,12.3,是,否,是,偶尔,3505,2,8,4,9,减少,10.1
S0214,男,19,法学,研一,北京,6.1,1.5,8.6,2.7,2.2,否,是,是,频繁,2274,9,7,3,7,不变,9.2
S0215,女,24,自动化,大四,河南,2.1,6.7,9.2,2.4,12.3,否,是,是,很少,2173,6,8,3,7,增加,9.2
S0216,男,22,英语,研一,湖北,7.0,6.7,9.2,0.5,13.5,是,否,否,经常,4923,2,2,10,3,增加,7.8
S0217,男,23,电子信息,研一,浙江,4.6,7.5,8.4,2.3,5.3,否,否,是,很少,4285,3,5,10,4,增加,7.7
S0218,男,22,物理,研一,湖南,1.6,0.6,9.6,2.1,4.7,否,否,否,偶尔,2067,7,10,6,4,不变,5.0
S0219,女,22,机械工程,研一,上海,5.1,3.3,8.9,0.8,4.6,是,否,否,很少,1931,2,4,6,9,不变,7.4
S0220,男,21,物理,研二,陕西,0.6,1.2,6.0,2.8,6.5,否,否,是,偶尔,2616,6,2,2,7,不变,9.3
S0221,女,21,机械工程,大一,上海,2.4,5.4,10.6,0.9,0.5,否,否,否,频繁,2188,1,6,10,6,增加,4.9
S0222,女,22,经济学,大二,陕西,5.4,6.0,5.5,0.3,4.3,否,是,否,偶尔,3646,5,4,9,8,增加,9.3
S0223,女,22,数学,大一,河北,5.8,4.3,7.4,0.4,7.7,否,否,是,频繁,4427,7,10,5,7,增加,7.8
S0224,男,20,法学,大一,福建,4.1,6.4,6.5,2.1,12.0,否,是,是,频繁,879,5,4,7,8,减少,5.4
S0225,女,20,自动化,大二,辽宁,9.0,2.5,11.6,2.0,13.6,否,是,是,很少,2723,4,5,8,6,增加,4.5
S0226,男,23,通信工程,研二,河南,5.2,0.5,11.0,2.9,12.7,是,是,是,频繁,4833,10,5,6,8,不变,7.9
S0227,女,22,英语,大一,上海,5.3,3.5,9.8,0.5,14.6,否,否,否,偶尔,3385,1,1,9,10,减少,10.1
S0228,女,19,英语,大三,安徽,5.0,5.1,7.6,1.5,3.2,是,是,否,偶尔,4081,5,8,6,8,增加,4.2
S0229,女,24,通信工程,大四,浙江,2.4,6.5,10.2,1.4,0.1,是,否,是,偶尔,1901,9,9,7,10,减少,10.6
S0230,男,19,英语,大三,江苏,5.0,5.2,8.1,1.0,5.4,是,否,否,经常,3619,1,7,9,7,不变,3.5
S0231,女,24,电子信息,研二,广东,4.7,1.1,9.3,1.4,14.3,否,是,否,经常,4255,10,10,3,8,增加,6.9
S0232,女,23,化学,大三,江苏,6.3,3.5,11.2,2.3,14.1,否,是,是,偶尔,4191,3,3,10,10,增加,12.3
S0233,女,18,通信工程,大一,江苏,1.1,7.1,8.8,0.1,6.0,是,否,否,偶尔,2950,10,3,2,4,减少,3.0
S0234,男,22,经济学,大二,安徽,0.8,5.5,11.0,1.0,7.1,否,否,否,频繁,4444,3,9,9,7,不变,4.1
S0235,男,24,经济学,大一,浙江,4.7,3.2,6.8,0.9,0.0,是,否,否,偶尔,3149,8,9,3,8,减少,2.1
S0236,男,22,管理学,大三,河北,2.3,7.1,8.1,0.7,10.7,否,否,否,频繁,2607,5,2,7,9,增加,7.1
S0237,男,24,计算机科学,大一,广东,2.2,2.7,9.5,1.9,4.1,是,否,否,偶尔,2338,6,1,10,10,不变,3.8
S0238,女,23,计算机科学,大一,浙江,2.7,1.6,8.5,1.0,4.7,否,是,否,偶尔,4598,1,6,8,8,增加,3.0
S0239,男,24,管理学,大三,安徽,8.3,6.7,5.9,2.3,3.7,是,否,否,经常,1074,4,8,8,6,增加,10.8
S0240,女,19,法学,研二,河南,7.4,6.1,8.8,0.4,7.2,否,是,是,经常,3752,1,4,5,6,增加,13.7
S0241,男,21,数学,大二,陕西,0.6,0.8,10.5,1.4,8.9,是,是,否,偶尔,2837,3,8,6,4,不变,3.1
S0242,男,19,计算机科学,大四,四川,2.7,7.9,10.5,2.3,12.1,否,否,否,偶尔,974,7,6,8,6,减少,10.7
S0243,男,22,数学,大三,四川,3.6,4.0,11.1,1.8,12.9,是,否,是,很少,2069,8,5,3,4,不变,11.8
S0244,女,24,数学,研一,上海,2.8,5.9,9.6,1.6,5.8,是,是,是,偶尔,2062,10,5,9,10,不变,5.9
S0245,男,24,计算机科学,大一,陕西,2.4,4.1,5.7,1.7,12.5,是,否,是,频繁,1202,6,4,8,7,增加,9.3
S0246,男,20,管理学,研一,上海,7.6,7.2,10.8,2.4,0.9,是,是,否,偶尔,1133,2,5,10,7,增加,2.9
S0247,男,22,管理学,研二,河南,2.9,5.2,6.3,2.2,6.2,否,是,否,经常,4557,7,2,2,8,增加,4.0
S0248,女,22,经济学,大三,河南,8.5,3.6,9.4,2.5,4.9,是,是,否,很少,3872,9,5,4,6,减少,6.3
S0249,男,20,通信工程,大一,山东,3.4,2.2,11.0,0.1,12.3,是,是,否,经常,1572,1,8,5,5,增加,6.3
S0250,男,22,数学,大四,山东,5.9,2.1,5.5,1.0,7.2,否,否,是,偶尔,3260,1,10,8,4,增加,6.6
S0251,男,23,英语,研二,湖北,4.1,2.8,5.3,1.6,2.2,是,是,否,经常,2054,1,7,9,6,不变,13.7
S0252,女,19,物理,大二,安徽,3.7,4.1,10.2,1.6,3.9,是,是,是,很少,1868,3,8,7,9,减少,8.7
S0253,女,24,机械工程,大四,山东,3.6,7.4,5.6,2.0,6.4,否,是,否,很少,3427,6,10,6,6,减少,9.9
S0254,男,19,通信工程,研二,四川,4.1,6.2,11.0,0.3,0.8,否,是,否,偶尔,3156,1,6,10,5,增加,10.3
S0255,男,19,化学,研一,湖南,5.5,2.4,8.4,2.2,2.1,否,是,否,很少,1156,5,3,1,9,增加,2.7
S0256,男,21,英语,研二,湖北,3.1,6.9,9.6,2.6,0.3,是,是,是,频繁,3918,9,2,7,6,减少,12.8
S0257,男,18,法学,大二,浙江,9.3,2.8,8.4,2.2,0.3,否,是,否,偶尔,3276,4,9,6,8,增加,5.3
S0258,男,20,英语,大四,山东,6.7,1.2,7.7,2.9,9.2,否,是,是,偶尔,2769,10,3,4,9,减少,7.1
S0259,男,24,电子信息,大二,广东,3.4,5.8,8.7,0.4,14.9,否,是,是,经常,3400,2,9,3,5,不变,8.4
S0260,女,21,英语,大三,浙江,4.7,7.5,11.3,2.8,4.1,是,是,是,很少,1877,3,1,4,4,不变,11.1
S0261,女,18,计算机科学,研二,河南,7.9,1.5,10.9,1.4,9.7,是,否,否,偶尔,4825,8,3,3,9,增加,4.0
S0262,男,24,化学,大二,辽宁,1.1,7.5,11.9,2.6,7.3,否,否,否,很少,2821,7,7,6,10,不变,11.3
S0263,男,21,通信工程,大四,四川,8.4,0.8,12.0,1.6,5.9,是,否,否,很少,1203,4,5,1,9,减少,7.3
S0264,男,21,经济学,研二,湖南,4.8,5.9,5.8,2.3,14.1,是,否,是,经常,4020,7,6,9,5,增加,7.4
S0265,女,23,英语,研二,广东,9.1,6.5,10.0,0.4,1.7,否,否,是,偶尔,1498,9,7,8,8,不变,10.7
S0266,女,22,自动化,研二,北京,8.7,1.7,6.0,2.3,0.8,否,是,否,频繁,4455,5,3,5,7,增加,3.4
S0267,女,22,管理学,大一,辽宁,6.3,4.2,6.5,2.0,6.8,是,是,是,偶尔,853,4,9,8,4,不变,5.3
S0268,男,23,英语,大三,安徽,0.8,6.9,9.7,2.5,4.5,是,否,否,很少,1692,7,3,2,3,减少,3.9
S0269,男,24,数学,大三,湖北,3.6,7.2,10.7,2.3,12.6,否,是,是,很少,4656,3,2,2,7,减少,10.3
S0270,男,22,数学,研二,陕西,9.8,4.5,5.6,2.2,9.1,是,否,否,频繁,3392,5,9,5,9,不变,8.9
S0271,男,22,法学,大二,江苏,7.2,7.8,5.0,0.1,9.4,是,是,否,经常,4196,7,1,2,6,不变,6.0
S0272,男,20,经济学,大三,陕西,5.3,2.9,5.0,2.1,5.1,否,是,是,频繁,2238,4,6,10,3,不变,12.0
S0273,男,23,法学,大四,山东,9.0,4.5,7.3,2.4,6.2,否,是,是,经常,3384,9,9,1,7,不变,2.2
S0274,男,20,数学,大四,四川,6.5,6.8,9.0,1.2,8.9,否,是,否,偶尔,1059,5,7,5,8,增加,3.0
S0275,男,20,通信工程,大一,河北,7.9,7.4,8.1,0.1,7.2,否,是,是,偶尔,2358,6,8,9,5,不变,10.8
S0276,男,23,化学,大一,浙江,4.9,5.9,8.7,0.0,14.0,是,否,是,经常,3530,8,1,10,4,不变,3.2
S0277,男,19,管理学,大三,山东,3.1,2.9,8.1,0.4,2.2,否,否,是,经常,924,10,9,5,4,增加,8.2
S0278,男,19,化学,大一,湖南,3.5,7.2,8.8,0.2,0.4,否,否,否,经常,3942,1,2,1,4,增加,7.1
S0279,男,23,经济学,研二,四川,8.2,1.1,11.5,2.3,8.5,是,是,是,经常,1596,8,5,2,10,不变,10.2
S0280,女,21,通信工程,大二,河北,7.1,5.5,10.5,2.6,6.8,否,是,是,频繁,4693,2,6,1,4,增加,7.7
S0281,男,20,化学,研一,湖南,6.7,6.4,8.7,1.2,6.2,否,否,否,偶尔,2102,8,7,10,6,增加,2.8
S0282,男,23,电子信息,研二,湖南,1.2,7.5,9.0,1.5,8.9,是,否,否,频繁,1599,8,3,8,8,减少,5.7
S0283,男,18,经济学,大二,江苏,8.3,7.2,11.3,1.9,0.0,是,否,否,经常,4510,9,5,3,5,不变,6.7
S0284,女,23,数学,大三,上海,9.9,4.9,9.3,1.5,12.7,否,是,是,频繁,3824,9,1,5,3,不变,2.0
S0285,女,23,机械工程,大三,广东,7.3,3.5,8.0,0.6,2.6,是,是,是,偶尔,3950,6,7,3,6,不变,3.9
S0286,女,23,物理,大四,山东,9.8,1.5,6.0,2.4,12.9,是,是,否,很少,2272,8,9,10,9,减少,7.1
S0287,女,24,电子信息,研二,广东,2.7,4.3,7.9,1.6,5.5,否,否,是,很少,3819,2,10,1,10,不变,7.8
S0288,男,21,经济学,研二,湖南,7.5,7.7,5.5,1.9,12.0,否,否,否,经常,3614,9,1,5,3,不变,7.6
S0289,女,19,电子信息,大一,广东,7.1,5.0,7.1,2.4,3.9,是,否,否,偶尔,1222,5,10,8,5,减少,2.3
S0290,女,20,计算机科学,大三,山东,0.6,1.3,6.2,1.8,2.3,是,是,是,频繁,2236,5,4,8,8,不变,7.8
S0291,女,24,经济学,大四,浙江,2.8,3.8,9.5,0.6,11.0,否,是,否,频繁,2965,2,1,6,3,减少,4.0
S0292,女,20,英语,大二,陕西,5.5,3.8,7.0,2.4,5.7,否,否,否,经常,1597,9,6,6,3,减少,13.5
S0293,男,20,电子信息,研二,北京,6.0,4.0,9.7,0.7,10.1,否,是,是,频繁,2273,6,9,4,8,增加,2.1
S0294,女,19,法学,研二,湖南,3.2,1.9,5.2,0.3,14.1,是,是,是,经常,1782,2,10,4,4,不变,3.6
S0295,女,21,物理,研二,山东,9.4,5.3,11.5,0.8,6.4,是,否,否,偶尔,2126,2,5,6,7,减少,11.3
S0296,女,18,通信工程,大四,上海,9.8,2.0,7.7,1.9,1.6,是,是,是,经常,2589,10,2,9,9,不变,13.0
S0297,女,18,化学,大四,河北,1.9,5.3,11.5,2.0,4.0,是,是,是,频繁,830,9,8,6,9,减少,7.7
S0298,女,18,法学,研一,江苏,5.6,7.9,7.3,0.9,0.8,是,是,否,偶尔,3585,2,8,2,8,减少,11.1
S0299,女,23,自动化,大四,四川,9.0,5.2,7.5,0.3,9.5,否,是,否,频繁,1092,4,1,4,5,不变,10.6
S0300,女,18,化学,大一,广东,3.7,3.0,10.0,1.2,3.2,否,是,否,很少,2020,10,4,9,10,增加,13.1
S0301,男,23,自动化,研二,上海,1.7,1.8,5.3,0.9,11.9,是,否,否,频繁,1323,2,2,8,5,不变,8.0
S0302,女,18,机械工程,研二,福建,6.0,1.5,10.9,2.4,11.5,否,是,否,偶尔,3548,2,2,10,5,减少,5.3
S0303,男,19,通信工程,大一,河南,8.0,5.2,7.6,0.5,13.2,否,是,是,偶尔,859,3,2,2,3,不变,10.5
S0304,女,22,自动化,大四,上海,4.4,7.5,9.3,0.1,2.7,是,否,是,频繁,3267,6,7,8,4,增加,2.1
S0305,男,20,通信工程,大一,山东,2.3,6.5,9.8,2.9,7.1,否,是,是,很少,1153,1,6,3,5,减少,5.4
S0306,男,19,自动化,大一,上海,5.1,1.4,11.3,2.2,8.9,是,否,是,频繁,2428,6,4,6,9,减少,11.3
S0307,男,18,数学,大四,浙江,6.1,0.9,8.1,0.6,9.1,是,否,是,很少,3859,3,8,3,9,不变,10.6
S0308,男,20,物理,大二,辽宁,1.6,4.0,7.9,2.3,3.3,否,是,否,频繁,2192,10,9,5,5,增加,12.3
S0309,女,18,化学,研二,河北,4.6,7.0,6.7,1.3,3.3,是,否,否,频繁,841,7,1,10,5,减少,2.5
S0310,男,21,通信工程,大四,广东,2.8,4.7,5.1,2.2,14.2,否,是,否,频繁,3223,4,2,3,8,不变,2.2
S0311,男,24,化学,研二,湖南,4.4,6.4,7.6,1.4,9.5,是,是,否,很少,3527,9,1,2,9,减少,5.6
S0312,女,18,经济学,大一,福建,4.1,4.0,5.3,1.1,9.7,是,是,否,经常,1933,6,4,2,6,不变,8.5
S0313,女,22,化学,研二,河北,4.5,0.9,7.6,1.4,7.5,是,是,否,很少,3194,8,10,2,10,不变,6.4
S0314,男,21,管理学,大二,陕西,3.2,7.7,5.8,0.8,10.5,是,否,否,频繁,2473,9,1,8,5,不变,5.5
S0315,女,23,经济学,研二,湖南,0.7,1.9,5.2,2.4,12.5,否,否,否,偶尔,4172,10,6,9,8,减少,9.9
S0316,女,19,机械工程,大三,广东,2.7,3.3,7.0,2.5,2.2,是,是,是,很少,2162,10,3,5,10,减少,10.5
S0317,男,20,管理学,研一,浙江,1.7,2.5,6.3,1.7,0.5,是,是,否,频繁,2011,6,8,6,8,增加,8.5
S0318,男,21,经济学,大三,山东,2.0,7.8,8.8,1.5,9.7,是,否,是,偶尔,3174,10,3,5,10,不变,11.6
S0319,男,20,法学,大一,安徽,4.3,6.8,8.1,0.3,0.8,是,否,是,频繁,3076,4,1,4,6,减少,3.0
S0320,女,22,通信工程,研一,四川,5.4,0.9,9.7,1.2,10.7,是,是,否,频繁,3963,6,1,7,8,减少,5.4
S0321,女,20,数学,大二,上海,8.2,7.8,8.0,2.7,2.1,否,是,是,频繁,1976,4,5,10,4,不变,7.7
S0322,女,21,经济学,大二,湖北,5.8,5.8,10.3,0.4,2.8,否,是,是,很少,4818,1,5,7,7,减少,12.0
S0323,男,20,经济学,大三,上海,9.6,6.8,8.3,2.0,13.4,否,否,否,经常,4829,4,1,7,5,减少,3.4
S0324,女,23,数学,大一,河南,4.0,6.0,5.1,0.8,8.7,否,是,否,经常,4576,3,6,3,8,减少,4.0
S0325,男,22,机械工程,大二,北京,7.8,1.9,5.7,2.3,8.2,是,否,否,频繁,3023,6,2,6,7,减少,8.4
S0326,女,20,计算机科学,大二,四川,1.5,1.7,6.5,0.6,13.5,否,否,否,偶尔,4218,8,2,10,4,增加,3.4
S0327,女,22,电子信息,研一,河南,7.8,3.1,10.0,0.1,12.2,是,是,是,频繁,1966,4,5,4,5,增加,3.5
S0328,女,18,英语,大二,江苏,1.5,6.4,8.6,0.2,1.8,是,是,否,很少,1342,5,1,5,3,增加,11.1
S0329,男,19,计算机科学,研二,湖北,9.4,7.6,7.4,0.5,7.5,是,是,否,偶尔,4936,10,2,10,6,不变,3.2
S0330,男,23,自动化,大一,湖北,9.3,7.4,11.0,1.4,10.5,是,否,是,经常,1679,3,6,3,10,减少,13.8
S0331,男,21,化学,大一,浙江,5.4,4.2,7.5,0.9,10.8,否,是,否,经常,4844,2,7,2,8,不变,5.4
S0332,女,19,电子信息,大一,广东,9.0,6.5,11.6,1.1,0.2,否,否,是,偶尔,4047,8,9,8,4,增加,9.9
S0333,男,20,物理,大二,四川,3.7,5.0,11.9,0.4,12.6,否,是,否,很少,3036,7,6,8,7,不变,7.7
S0334,男,20,机械工程,大四,浙江,5.2,5.2,5.9,0.3,0.8,是,是,否,频繁,1019,3,7,2,10,减少,9.3
S0335,男,20,经济学,研二,四川,5.2,4.3,8.8,2.4,8.1,是,是,是,经常,4325,2,7,1,3,减少,7.4
S0336,男,21,通信工程,大四,四川,1.8,5.9,8.4,0.3,10.1,否,否,否,经常,4698,9,3,9,10,减少,8.1
S0337,男,18,数学,研一,北京,0.9,6.8,7.4,2.2,0.4,是,是,是,经常,1597,7,6,6,9,减少,13.9
S0338,男,23,物理,大一,湖南,8.8,1.4,6.2,1.6,0.6,否,否,是,频繁,2984,1,8,7,9,减少,9.1
S0339,男,23,管理学,研二,江苏,2.5,4.2,10.7,2.0,2.5,否,否,是,经常,4371,4,8,5,8,增加,9.6
S0340,女,24,法学,大二,辽宁,6.4,7.7,10.0,1.7,8.9,否,否,否,经常,4693,7,4,5,4,增加,6.2
S0341,男,21,管理学,大四,河北,2.9,4.4,9.7,1.6,13.2,否,是,是,经常,4889,4,8,9,5,不变,5.2
S0342,女,19,法学,大二,湖南,1.9,5.6,7.1,1.3,4.8,是,否,是,很少,4178,5,5,2,6,减少,9.8
S0343,男,19,法学,大一,湖北,2.8,6.7,8.2,1.7,6.5,是,是,否,很少,2105,5,3,1,6,减少,2.3
S0344,男,24,电子信息,大一,湖北,3.5,2.7,5.4,2.9,13.5,否,否,是,偶尔,1951,4,2,2,9,不变,8.9
S0345,男,24,经济学,大三,河南,3.6,4.9,7.7,2.2,3.5,否,是,否,经常,1981,2,3,7,6,减少,4.6
S0346,男,20,计算机科学,研一,辽宁,4.5,5.6,11.7,2.6,14.1,是,是,否,频繁,3812,5,1,6,10,不变,9.7
S0347,女,23,通信工程,研二,江苏,3.9,6.6,5.9,2.6,12.9,是,否,否,频繁,4019,5,5,7,3,增加,3.1
S0348,男,20,英语,大一,福建,8.3,7.6,8.3,1.2,12.6,否,否,是,很少,2113,5,9,7,4,减少,2.8
S0349,男,23,机械工程,大四,辽宁,8.0,1.5,7.8,1.9,4.7,否,否,否,频繁,2092,4,9,2,4,不变,10.6
S0350,男,20,管理学,大二,安徽,7.0,6.7,10.6,0.6,6.2,是,是,否,偶尔,3891,10,4,3,9,增加,2.2
S0351,女,23,法学,大二,四川,1.0,5.1,9.2,0.4,14.4,是,是,是,偶尔,915,9,7,3,4,减少,11.3
S0352,女,20,通信工程,研二,浙江,5.2,1.5,11.0,1.8,14.9,是,否,是,经常,4226,3,7,5,6,增加,11.5
S0353,女,18,数学,大一,陕西,5.0,7.0,11.8,1.2,3.2,是,否,否,很少,2899,2,2,7,9,增加,8.7
S0354,男,20,经济学,研一,广东,6.4,2.8,7.8,1.1,14.5,是,否,否,偶尔,2269,5,3,9,3,减少,8.0
S0355,女,18,机械工程,大三,山东,0.9,1.5,11.1,2.5,11.2,否,是,否,很少,2956,10,5,7,7,减少,8.2
S0356,男,19,电子信息,大一,辽宁,2.7,0.8,6.8,2.1,6.5,是,是,否,很少,4416,6,9,8,3,减少,7.8
S0357,男,24,自动化,大三,河北,2.2,1.8,8.6,0.8,13.4,否,是,否,很少,833,9,10,10,6,增加,4.2
S0358,女,23,英语,研二,安徽,1.7,3.3,11.5,0.3,4.9,是,否,是,频繁,4570,8,8,1,4,减少,9.5
S0359,女,23,电子信息,研二,河南,9.1,6.5,5.9,2.6,12.0,否,是,是,频繁,1254,2,9,5,8,减少,13.4
S0360,男,18,机械工程,大二,山东,2.0,6.3,7.0,2.3,9.8,是,否,是,频繁,4821,7,5,2,7,不变,12.8
S0361,女,21,法学,大四,江苏,3.1,5.0,5.6,1.3,5.5,是,否,是,经常,4289,2,1,3,9,减少,8.2
S0362,女,21,管理学,大一,上海,9.1,4.1,6.0,0.4,13.5,否,否,是,频繁,3220,10,1,4,9,增加,8.6
S0363,女,20,数学,大三,湖南,6.1,6.3,5.1,2.2,6.9,否,否,否,经常,1170,2,7,3,9,减少,12.5
S0364,男,19,经济学,大二,福建,1.2,7.9,6.8,2.0,6.5,否,否,否,经常,4035,2,1,1,3,减少,4.1
S0365,女,24,法学,大三,辽宁,1.3,1.5,6.3,2.4,10.4,是,是,否,频繁,2514,8,3,4,3,减少,9.8
S0366,男,21,物理,大四,北京,0.7,1.7,6.1,2.1,14.5,否,是,是,频繁,4482,10,4,8,3,不变,4.4
S0367,女,24,数学,大四,湖北,7.5,5.0,8.9,0.9,7.3,是,否,否,频繁,2699,1,9,8,10,不变,2.2
S0368,男,21,法学,研一,山东,9.4,3.1,9.9,0.1,4.3,否,是,否,频繁,3616,8,4,4,10,不变,8.1
S0369,女,24,英语,研二,四川,6.7,3.2,8.3,2.9,2.4,是,否,否,经常,1506,8,3,4,7,增加,4.1
S0370,男,19,电子信息,研一,湖北,0.9,0.6,11.2,1.1,2.4,是,否,否,经常,1321,6,7,9,3,增加,3.4
S0371,女,24,电子信息,大一,河北,7.8,4.7,11.3,2.6,13.1,是,是,是,偶尔,1213,8,8,10,4,增加,13.6
S0372,男,24,经济学,大二,河南,9.2,1.7,7.0,1.3,7.6,是,是,否,经常,3779,6,3,2,5,增加,3.5
S0373,女,22,经济学,大二,辽宁,1.3,3.3,10.3,1.1,10.0,否,是,否,偶尔,2669,3,7,3,9,减少,7.0
S0374,男,23,化学,研一,河北,9.5,1.1,7.2,2.9,2.5,否,否,否,经常,1103,3,10,1,9,不变,2.7
S0375,女,20,计算机科学,大一,湖北,8.4,7.3,9.3,0.4,6.1,否,否,是,经常,3628,7,4,4,10,增加,12.6
S0376,男,18,化学,研一,北京,5.7,4.4,10.3,0.5,0.4,否,否,否,很少,2777,5,7,9,7,增加,13.8
S0377,男,24,英语,研二,安徽,9.4,3.9,9.0,0.0,5.1,是,否,是,很少,3669,5,5,4,6,不变,10.0
S0378,女,22,自动化,研一,四川,2.3,6.3,8.2,0.4,6.4,是,否,否,频繁,1555,1,7,7,4,减少,12.7
S0379,女,22,机械工程,大四,福建,6.5,8.0,9.8,2.8,11.0,是,是,否,频繁,1982,9,3,7,5,减少,7.8
S0380,男,23,通信工程,大二,山东,9.5,3.3,11.7,1.8,6.1,否,否,否,很少,3172,1,9,2,8,减少,3.8
S0381,男,19,物理,研一,四川,4.5,7.5,7.1,0.9,2.7,否,否,否,频繁,1802,9,6,8,3,增加,2.8
S0382,女,24,物理,研二,江苏,8.4,1.5,6.0,1.9,11.4,否,否,是,频繁,3464,2,10,8,5,减少,10.0
S0383,女,23,英语,大一,湖北,8.7,5.8,9.0,2.4,10.6,是,否,是,很少,1497,4,10,9,4,增加,8.5
S0384,男,18,数学,大三,河南,8.0,2.3,9.9,2.7,6.7,是,否,是,经常,4091,10,1,9,8,增加,7.9
S0385,女,20,机械工程,大一,北京,1.6,1.2,6.2,0.4,3.8,是,否,否,很少,3313,7,3,2,5,减少,2.7
S0386,女,19,通信工程,大四,北京,9.0,2.4,11.6,2.7,0.8,否,否,否,很少,4838,9,9,4,6,增加,6.6
S0387,女,18,法学,大四,湖北,6.5,7.4,5.1,1.7,8.8,是,是,否,偶尔,1828,5,10,2,6,增加,6.9
S0388,男,22,通信工程,大四,湖南,9.6,4.7,5.3,2.4,14.4,否,否,否,偶尔,2171,1,1,10,7,减少,13.2
S0389,女,18,法学,大二,山东,7.5,4.7,7.1,1.2,1.8,否,否,否,偶尔,4338,4,10,3,7,减少,8.1
S0390,女,20,化学,大二,四川,4.9,5.0,5.1,2.1,9.7,否,是,是,很少,835,1,3,1,10,不变,7.0
S0391,女,23,化学,大一,北京,3.9,6.6,10.8,1.1,2.7,否,否,是,很少,4590,6,4,1,4,增加,7.3
S0392,女,24,英语,研二,湖北,2.6,7.9,11.8,0.1,7.4,否,是,是,偶尔,858,4,7,10,6,减少,3.3
S0393,男,22,经济学,大二,北京,7.6,1.5,11.5,2.6,13.2,否,是,否,频繁,989,9,10,5,6,不变,5.0
S0394,女,20,物理,大一,江苏,7.0,4.0,7.5,2.3,13.3,否,是,是,偶尔,3076,7,9,4,3,增加,7.4
S0395,女,18,数学,大二,辽宁,2.4,3.0,5.4,1.9,0.4,是,否,是,很少,3538,5,4,7,3,增加,3.3
S0396,女,24,法学,大一,河南,6.4,4.8,5.6,0.2,0.5,是,是,是,很少,1844,1,8,6,4,不变,2.7
S0397,女,24,英语,大四,上海,4.3,5.1,7.9,2.6,11.8,否,是,否,经常,4514,7,8,10,3,不变,11.5
S0398,男,18,机械工程,大一,江苏,0.6,5.8,9.2,2.5,13.6,是,是,是,偶尔,3711,7,8,3,7,减少,10.7
S0399,女,22,计算机科学,大四,湖北,5.4,5.4,7.5,1.8,8.1,是,是,是,很少,4646,5,10,3,5,减少,6.1
S0400,女,20,通信工程,大二,河南,9.8,5.3,6.4,0.2,2.8,否,是,是,频繁,3512,10,10,8,10,不变,13.6
S0401,男,21,数学,大二,北京,9.2,5.3,9.9,1.4,3.2,是,否,是,很少,3879,4,7,8,8,增加,4.2
S0402,男,20,管理学,大四,江苏,2.3,4.9,10.4,0.1,0.4,是,是,是,偶尔,2226,4,5,4,7,减少,10.6
S0403,女,18,机械工程,大一,湖北,8.4,1.5,9.6,2.7,5.1,否,是,是,偶尔,4537,4,6,4,7,不变,11.7
S0404,男,24,自动化,大二,北京,2.3,3.3,7.6,1.8,14.7,否,是,否,偶尔,2349,9,5,4,3,减少,11.5
S0405,男,24,数学,大四,湖北,8.0,5.1,6.2,1.2,13.2,否,否,否,经常,4884,9,8,9,8,不变,4.1
S0406,女,23,通信工程,研一,湖北,6.7,2.1,11.3,1.4,3.5,是,是,是,经常,4281,7,10,4,7,减少,3.9
S0407,女,22,机械工程,大三,四川,2.7,0.8,8.6,1.0,6.8,是,否,是,经常,3810,8,6,7,9,增加,5.3
S0408,男,20,数学,研一,浙江,5.4,5.3,10.5,2.8,1.5,否,否,是,偶尔,1113,9,4,2,8,不变,6.0
S0409,女,18,化学,大三,江苏,3.2,3.1,12.0,2.8,12.3,否,是,否,频繁,4999,3,7,1,10,不变,4.7
S0410,女,24,化学,大一,北京,3.5,1.9,10.4,2.1,3.1,否,否,否,偶尔,3869,3,10,8,3,减少,12.5
S0411,女,21,英语,研二,湖南,7.6,6.2,9.8,0.9,8.8,否,否,是,频繁,1939,3,6,10,3,不变,8.8
S0412,男,22,英语,大四,四川,2.3,1.3,9.0,1.4,13.4,是,是,是,很少,1654,9,3,2,5,不变,2.4
S0413,女,20,管理学,大二,河南,2.7,5.4,5.5,0.2,7.8,否,是,否,偶尔,4165,7,3,3,8,增加,13.9
S0414,男,24,经济学,大二,上海,3.4,6.6,9.7,0.5,8.6,否,是,否,频繁,4916,8,5,5,6,增加,4.4
S0415,女,21,化学,研一,河南,0.9,1.2,9.5,2.8,5.2,否,否,是,很少,2234,7,4,5,9,不变,4.2
S0416,女,23,电子信息,大一,河北,2.8,7.0,6.9,1.9,4.4,是,否,否,频繁,4842,7,9,2,6,减少,3.5
S0417,男,20,电子信息,大二,福建,5.3,4.0,5.5,2.1,11.2,是,否,否,频繁,4071,4,7,7,8,减少,2.5
S0418,女,18,管理学,大一,福建,5.7,2.3,11.7,0.4,12.3,否,是,是,很少,947,10,2,3,5,增加,4.1
S0419,女,19,计算机科学,大四,河北,3.9,2.1,5.2,2.0,3.2,否,是,是,经常,3999,5,8,1,4,增加,2.6
S0420,男,19,电子信息,大一,辽宁,0.7,0.7,5.1,2.5,10.2,否,否,是,偶尔,1591,3,3,2,6,不变,2.5
S0421,女,21,法学,大一,湖南,2.7,1.3,7.3,0.0,9.8,否,是,是,偶尔,2542,8,4,1,9,减少,2.8
S0422,女,20,化学,研一,河南,5.2,7.9,10.0,2.4,13.8,是,否,是,经常,2863,2,10,10,5,不变,5.9
S0423,女,18,通信工程,大三,江苏,0.7,7.3,8.1,1.5,11.1,否,是,是,很少,2705,1,10,9,3,增加,11.1
S0424,男,20,管理学,大四,河北,3.3,1.6,6.4,0.1,13.9,否,否,是,偶尔,3492,3,5,10,10,增加,5.8
S0425,女,20,经济学,大二,上海,2.5,0.9,11.4,3.0,12.0,是,是,是,偶尔,3434,3,8,4,9,增加,9.6
S0426,男,18,自动化,大二,浙江,6.1,6.7,11.5,0.7,1.2,否,否,是,经常,2144,4,4,8,7,不变,7.1
S0427,女,18,英语,大三,湖北,4.3,1.8,8.1,1.5,11.0,是,是,否,频繁,962,7,7,3,10,减少,12.2
S0428,女,20,化学,大四,山东,3.2,4.7,8.4,1.0,10.7,否,否,否,频繁,2353,1,1,4,5,不变,12.3
S0429,女,21,数学,大四,湖北,3.4,7.9,5.5,2.7,14.9,否,否,是,频繁,2130,4,7,2,9,不变,13.5
S0430,女,23,法学,大二,辽宁,2.8,0.8,10.7,1.9,10.1,是,是,是,很少,4531,3,5,3,7,不变,5.0
S0431,女,21,英语,研二,浙江,6.1,7.3,8.6,0.6,6.3,否,是,是,经常,3275,9,9,7,7,减少,9.9
S0432,男,20,通信工程,研二,福建,2.5,6.1,9.9,0.0,2.5,否,是,是,经常,1593,2,7,8,3,不变,8.3
S0433,男,23,经济学,大二,安徽,2.4,1.9,11.6,1.4,12.2,是,是,是,经常,1283,3,4,3,6,减少,5.1
S0434,男,21,电子信息,大一,江苏,3.1,3.1,9.1,1.4,10.1,是,否,否,频繁,1300,5,1,2,3,增加,10.0
S0435,女,24,数学,大三,河北,6.2,3.0,9.8,1.0,4.7,是,是,否,频繁,4064,7,10,4,8,减少,2.7
S0436,男,18,计算机科学,研一,安徽,1.7,4.5,11.7,2.3,3.7,否,是,否,频繁,4184,4,1,8,10,减少,13.8
S0437,男,22,管理学,大四,陕西,4.3,5.1,5.6,1.3,14.0,是,是,否,很少,3952,5,10,8,4,增加,4.3
S0438,女,24,化学,研二,上海,10.0,7.9,8.3,2.7,14.3,是,否,是,偶尔,2793,4,3,8,6,不变,11.0
S0439,女,21,电子信息,大三,安徽,2.6,2.4,8.3,2.7,1.8,否,否,否,频繁,1540,6,4,3,10,不变,13.2
S0440,男,19,通信工程,大三,北京,1.6,1.2,5.6,2.2,14.1,是,否,否,经常,1843,6,7,2,8,增加,8.9
S0441,女,24,法学,研二,四川,9.4,1.4,9.6,1.8,1.6,是,否,是,很少,3388,3,5,1,10,减少,12.0
S0442,女,20,机械工程,研一,辽宁,9.9,1.4,12.0,2.1,7.2,是,是,是,偶尔,3187,7,1,4,10,减少,13.8
S0443,女,23,电子信息,大四,湖北,3.3,6.6,11.4,0.5,0.3,否,否,是,频繁,4260,8,6,7,8,减少,11.1
S0444,男,19,自动化,大三,江苏,7.6,4.9,10.6,2.5,10.6,是,是,否,很少,1926,8,8,8,5,增加,5.5
S0445,男,21,化学,大四,河南,7.0,1.8,5.4,1.1,7.1,是,是,是,偶尔,3572,10,7,1,4,不变,13.6
S0446,女,21,电子信息,大三,上海,7.0,7.7,9.6,1.1,10.4,是,否,是,很少,3930,5,8,2,10,增加,6.4
S0447,女,20,机械工程,研二,河南,7.6,6.5,6.3,1.5,9.7,是,否,否,很少,1825,2,6,7,7,不变,2.8
S0448,男,24,法学,大二,广东,9.7,7.2,6.3,1.8,2.7,是,否,是,很少,3374,2,1,9,10,增加,3.5
S0449,男,22,化学,大三,山东,4.0,4.6,8.0,2.8,0.0,否,是,是,很少,3203,9,8,5,3,减少,3.7
S0450,男,18,通信工程,大二,浙江,1.8,6.9,6.5,0.4,8.3,否,是,否,频繁,3072,3,10,10,8,不变,7.1
S0451,男,20,数学,研二,河北,4.5,5.7,8.8,0.2,11.0,否,否,是,偶尔,4989,10,3,4,8,增加,7.0
S0452,男,20,自动化,大一,河南,5.5,5.6,7.8,1.0,1.3,是,是,是,经常,1998,4,5,6,7,减少,2.1
S0453,女,18,法学,研一,河北,3.8,4.8,7.0,0.8,1.5,否,否,是,经常,3405,7,3,1,5,不变,6.1
S0454,男,23,经济学,研一,湖北,7.3,5.4,6.0,1.7,4.0,否,否,否,偶尔,4226,8,3,6,6,减少,7.3
S0455,女,23,管理学,大一,陕西,9.5,3.5,7.2,0.3,1.2,否,是,否,偶尔,2152,10,1,4,4,减少,3.0
S0456,女,21,法学,研一,陕西,7.0,5.6,8.7,0.4,0.2,是,否,是,偶尔,4281,9,6,4,3,不变,4.9
S0457,男,18,通信工程,大三,浙江,8.5,4.4,11.7,1.3,5.7,否,否,否,偶尔,3568,4,9,6,4,增加,12.2
S0458,男,23,数学,研二,浙江,5.9,2.1,7.1,2.8,9.6,否,是,是,经常,4799,1,6,1,10,减少,2.1
S0459,男,21,自动化,大三,四川,0.6,3.7,6.4,1.6,13.5,否,否,否,经常,4792,1,3,7,4,减少,11.2
S0460,女,19,计算机科学,研一,广东,8.2,1.3,8.1,2.5,2.4,否,否,否,很少,847,6,4,6,9,减少,3.3
S0461,男,23,物理,大二,广东,9.5,7.7,11.9,0.4,7.3,是,是,是,偶尔,3461,7,9,8,5,不变,10.7
S0462,男,20,物理,研一,江苏,0.6,5.6,5.4,2.5,6.4,是,是,是,经常,4358,8,5,10,3,增加,5.4
S0463,男,24,物理,大三,北京,9.9,2.4,10.7,0.6,10.6,否,是,是,频繁,2345,10,3,2,5,增加,4.8
S0464,男,22,法学,大二,北京,1.4,0.9,7.9,0.9,9.5,否,是,否,经常,3553,7,8,4,6,减少,2.7
S0465,女,20,物理,研二,广东,4.5,2.9,5.3,0.1,0.8,否,否,否,经常,3137,8,5,6,6,增加,12.9
S0466,女,18,电子信息,大一,广东,6.9,5.6,10.4,0.4,5.4,是,是,是,偶尔,2751,5,4,6,8,增加,9.0
S0467,女,18,通信工程,大一,陕西,9.4,5.1,7.1,1.4,11.4,否,否,否,很少,1158,3,4,9,5,不变,7.0
S0468,女,18,自动化,大四,福建,4.5,7.5,8.5,0.1,9.0,否,否,是,偶尔,1172,10,1,3,7,不变,11.5
S0469,女,24,管理学,研一,浙江,4.1,6.3,7.8,0.8,2.8,否,是,否,经常,872,9,8,3,6,不变,8.0
S0470,男,19,法学,大二,山东,0.9,2.3,5.3,0.4,13.3,否,否,是,经常,1222,4,4,3,7,增加,8.4
S0471,男,21,电子信息,研一,福建,3.3,7.9,9.4,0.0,5.3,否,否,是,频繁,2897,1,9,5,5,不变,9.9
S0472,男,20,机械工程,大三,辽宁,2.4,5.2,11.0,1.2,6.7,是,是,否,偶尔,2015,8,2,7,8,减少,8.0
S0473,女,18,机械工程,大三,福建,2.0,1.8,7.8,1.8,1.0,是,是,否,频繁,2809,8,7,2,9,不变,3.2
S0474,男,18,化学,大一,上海,7.8,5.3,5.3,0.7,1.3,是,是,否,频繁,876,2,9,3,3,减少,10.8
S0475,男,20,机械工程,大三,北京,5.0,2.3,8.8,0.8,8.2,是,是,是,频繁,1642,9,5,1,3,减少,3.2
S0476,女,19,数学,大三,上海,6.7,2.2,11.2,1.2,13.3,否,是,否,很少,2189,2,4,2,10,减少,3.2
S0477,男,22,数学,大二,陕西,2.2,4.5,9.2,2.0,2.3,否,是,是,偶尔,3653,2,5,5,7,不变,13.0
S0478,男,20,机械工程,大二,河北,4.2,5.9,10.5,1.4,1.0,否,否,否,频繁,3081,3,2,10,9,增加,5.9
S0479,女,21,管理学,研二,湖北,9.7,5.0,9.5,0.4,14.2,是,否,是,频繁,4229,9,8,4,9,减少,8.5
S0480,男,23,通信工程,大一,四川,2.7,0.5,12.0,0.1,8.4,是,否,是,偶尔,1288,6,6,3,4,增加,12.2
S0481,男,18,机械工程,研二,北京,1.8,7.7,9.9,1.1,0.4,是,否,是,很少,1243,2,10,7,8,不变,2.9
S0482,男,18,化学,大一,北京,5.9,6.6,6.0,0.5,11.2,否,是,是,很少,4651,7,6,9,7,不变,7.3
S0483,男,22,通信工程,大二,上海,5.3,0.6,10.8,2.0,13.1,否,是,是,频繁,4911,5,4,9,7,增加,7.1
S0484,男,19,法学,大四,河南,2.2,6.1,8.9,2.5,12.2,是,否,是,很少,3365,7,7,8,10,减少,4.0
S0485,男,20,自动化,研一,浙江,7.9,3.0,6.7,0.5,1.6,是,是,否,很少,3332,4,9,4,3,增加,4.4
S0486,男,20,数学,大一,河南,9.5,0.6,7.5,0.8,6.0,是,是,是,频繁,4000,6,3,4,8,增加,10.4
S0487,女,22,英语,大一,安徽,3.3,1.6,8.2,2.7,1.4,否,否,是,经常,1953,3,9,4,6,不变,8.2
S0488,女,20,机械工程,研一,河北,8.6,3.7,11.2,2.3,5.8,否,是,否,很少,2048,10,8,4,4,增加,3.2
S0489,女,20,法学,大二,陕西,9.4,1.7,7.0,1.1,1.3,是,是,否,很少,2913,8,5,3,10,减少,11.2
S0490,女,24,法学,大三,北京,4.3,6.9,11.4,0.4,5.5,是,是,是,偶尔,3861,2,7,10,8,减少,8.1
S0491,男,20,电子信息,大四,上海,2.0,3.5,5.5,1.2,6.9,是,是,否,频繁,4616,8,9,2,8,减少,12.8
S0492,男,21,机械工程,大三,安徽,1.1,3.1,9.2,0.6,11.1,是,否,是,频繁,4523,1,9,2,7,减少,3.9
S0493,男,24,物理,大三,上海,8.0,7.8,6.5,0.6,0.3,否,否,否,偶尔,2864,3,2,7,7,减少,3.7
S0494,女,19,化学,大一,河南,1.4,7.3,7.4,2.3,2.5,否,否,是,偶尔,4745,8,9,6,9,增加,10.3
S0495,男,23,电子信息,研二,河北,6.0,1.6,9.6,2.5,11.0,否,否,是,频繁,2032,8,3,6,3,减少,8.0
S0496,男,23,法学,大四,湖南,6.6,4.8,5.3,2.2,2.8,是,否,否,很少,3892,4,6,9,5,增加,4.5
S0497,女,20,经济学,研一,河南,8.3,1.4,8.5,3.0,6.2,否,是,是,频繁,4288,9,6,6,8,增加,3.4
S0498,女,20,电子信息,研二,四川,7.0,3.8,7.0,1.9,13.9,是,否,是,经常,1650,2,1,2,4,减少,9.4
S0499,女,19,管理学,大二,浙江,7.9,4.6,5.8,2.6,14.3,否,否,否,频繁,4182,7,1,6,10,增加,13.3
S0500,男,18,管理学,大四,河南,0.8,0.7,10.5,2.5,7.8,是,否,是,频繁,3545,3,10,10,8,增加,13.9
